{
  "title": "Possible Credential Dumping Activity",
  "description": "Detect use of known credential dumping tools and suspicious process chains (lsass memory access, mimikatz, procdump etc.)",
  "index": "winlogbeat-*",
  "query": {
    "bool": {
      "should": [
        { "match_phrase": { "process.command_line": "mimikatz" } },
        { "match_phrase": { "process.command_line": "sekurlsa" } },
        { "match_phrase": { "process.command_line": "procdump" } },
        { "match_phrase": { "process.command_line": "lsass" } }
      ],
      "minimum_should_match": 1
    }
  }
}